date,dfm_mq_0,dfm_mq_1,dfm_mq_2,dfm_mq_3,midas_Unnamed: 0,midas_0,midas_1,midas_2,midas_3,lstm_0,lstm_1,lstm_2,lstm_3,elastic_net_0,elastic_net_1,elastic_net_2,elastic_net_3,target,avg_0,avg_1,avg_2,avg_3,simple_avg,time_index,dfm_mq_0_decay_weight,dfm_mq_0_weighted,midas_0_decay_weight,midas_0_weighted,lstm_0_decay_weight,lstm_0_weighted,elastic_net_0_decay_weight,elastic_net_0_weighted,dfm_mq_1_decay_weight,dfm_mq_1_weighted,midas_1_decay_weight,midas_1_weighted,lstm_1_decay_weight,lstm_1_weighted,elastic_net_1_decay_weight,elastic_net_1_weighted,dfm_mq_2_decay_weight,dfm_mq_2_weighted,midas_2_decay_weight,midas_2_weighted,lstm_2_decay_weight,lstm_2_weighted,elastic_net_2_decay_weight,elastic_net_2_weighted,dfm_mq_3_decay_weight,dfm_mq_3_weighted,midas_3_decay_weight,midas_3_weighted,lstm_3_decay_weight,lstm_3_weighted,elastic_net_3_decay_weight,elastic_net_3_weighted,weighted_avg_0,weighted_avg_1,weighted_avg_2,weighted_avg_3,weighted_avg,ewma_weighted_avg_0,ewma_weighted_avg_1,ewma_weighted_avg_2,ewma_weighted_avg_3,ewma_weighted_avg,stacked_prediction_0,stacked_prediction_1,stacked_prediction_2,stacked_prediction_3,overall_stacked_prediction
2018-06-30,0.248333624,0.489051693,-0.191811219,0.462275364,1.0,-0.117236923674622,-0.0384333068397053,0.0805531608078359,0.0812103567912607,0.0941393,-0.00045884252,0.0067952247,-0.043728147,-0.0326401174104778,-0.0326401174104778,-0.0401701975868291,-0.0401701975868291,-0.171240514,0.04814897072872505,0.10437985655745423,-0.0361582577697483,0.1148968440511079,0.05781685339188472,315,0.5048858887870696,0.00929232521704691,0.5048858887870696,-0.010818883580529681,0.5048858887870696,0.0006134243874279434,0.5048858887870696,-0.00020161719453485095,0.5048858887870696,0.010754969023758299,0.5048858887870696,-0.0035988271160621466,0.5048858887870696,-4.9486082917082754e-06,0.5048858887870696,-0.0002009382744087255,0.5048858887870696,-0.006998233609218359,0.5048858887870696,0.0069102082156701754,0.5048858887870696,7.294841253442599e-05,0.5048858887870696,-0.00014372535338160738,0.5048858887870696,0.0071477553405240426,0.5048858887870696,0.0047751818718771025,0.5048858887870696,-0.0006642818029509986,0.5048858887870696,-0.00015605785685646897,-0.0011147511705896782,0.006950255024995719,-0.00015880233439536528,0.011102597552593678,0.0041948247681510885,0.00874386431826996,0.11582649132323607,-0.023068062147071397,0.022527488010218612,0.03100744537616331,,,,,
2018-12-31,0.133856991,-0.740651306,-0.278554347,-0.156507521,3.0,0.10933047705394,-0.201599873196908,0.067813624275088,0.0724455181703471,-0.64854836,-0.18528298,0.010998276,-0.42465115,-0.5794827796147366,-0.5794827796147366,-0.5794827796147366,-0.5555078541865724,-0.125257774,-0.24621091789019917,-0.42675423470291113,-0.19480630658491216,-0.2660552517540563,-0.2834566777330197,321,0.536268225207185,0.005320087377863311,0.536268225207185,0.010716380096409621,0.536268225207185,-0.004488707137642898,0.536268225207185,-0.0038019396785615965,0.536268225207185,-0.017300434978673916,0.536268225207185,-0.020050828294609344,0.536268225207185,-0.0021224808557495337,0.536268225207185,-0.003789137132766604,0.536268225207185,-0.010794765265557156,0.536268225207185,0.006178945084238475,0.536268225207185,0.00012540806578665445,0.536268225207185,-0.0022022102731964442,0.536268225207185,-0.002570354201434226,0.536268225207185,0.004524586070365447,0.536268225207185,-0.006851922124854673,0.536268225207185,-0.0022922432717334983,0.007745820658068437,-0.0432628812617994,-0.006692622388728471,-0.00718993352765695,-0.012349904130029093,-0.042900870931216084,-0.2309867880266275,-0.06689698023318627,-0.053625421894698266,-0.09860251527143203,-0.171240514,-0.171240514,-0.171240514,-0.171240514,-0.171240514
2019-03-31,0.938549963,-0.389756827,0.076379385,0.038989817,4.0,0.27731042733236,-0.237966188666585,0.0672732187281228,0.0725230157268075,-0.06709775,-0.25191578,-0.2064308,0.011779094,0.1284839642048807,0.1284839642048807,0.1284839642048807,0.1236947476137653,0.027458666,0.31931165113431015,-0.18778870786542606,0.01642644198325087,0.0617466685851432,0.052424013459319546,324,0.5526834771623851,0.03844408423888335,0.5526834771623851,0.028013507056184023,0.5526834771623851,-0.0004786094606030154,0.5526834771623851,0.0008687764328663833,0.5526834771623851,-0.009382776617025376,0.5526834771623851,-0.024392242803213386,0.5526834771623851,-0.002974116958707746,0.5526834771623851,0.000865850939300533,0.5526834771623851,0.00305051971453456,0.5526834771623851,0.00631733639060673,0.5526834771623851,-0.0024258825327523508,0.5526834771623851,0.0005032242874229792,0.5526834771623851,0.0006599383626016489,0.5526834771623851,0.004668072606045358,0.5526834771623851,0.00019587834123712856,0.5526834771623851,0.0005260368614839175,0.06684775826733073,-0.03588328543964597,0.007445197859811918,0.006049926171368053,0.011114899214716183,0.0670746451896943,-0.1118818182540922,0.0057588741417101946,0.012047251295866004,-0.006750261906705424,-0.15345078869011838,-0.14195327436486987,-0.1550158420918715,-0.14585946111045417,-0.14906984156432845
2019-06-30,0.043122602,-0.08688844,0.005108781,0.214707799,5.0,-0.159146338501845,-0.0367101840292896,0.0632015945546865,0.0686926546397268,0.027868632,-0.12090776,-0.18069151,0.2633856,-0.2636162408740966,-0.2636162408740966,-0.262723179847931,-0.262723179847931,-0.14629647,-0.08794283634398539,-0.12703065622584653,-0.09377607857331112,0.07101571844794898,-0.05943346317379852,327,0.5696012024771592,0.0018204195783022043,0.5696012024771592,-0.016568849365049793,0.5696012024771592,0.0002048723687862242,0.5696012024771592,-0.00183706990516592,0.5696012024771592,-0.0021557284929378646,0.5696012024771592,-0.0038780861933491294,0.5696012024771592,-0.0014711307127061055,0.5696012024771592,-0.0018308838071270405,0.5696012024771592,0.00021028552599595987,0.5696012024771592,0.006116658691794192,0.5696012024771592,-0.0021884036739544055,0.5696012024771592,-0.0010604873049431828,0.5696012024771592,0.0037453672981317705,0.5696012024771592,0.004556868158522166,0.5696012024771592,0.004513993958389207,0.5696012024771592,-0.0011514835214460123,-0.016380627323127284,-0.00933582920612014,0.003078053238892563,0.011664745893597131,-0.002743414349189432,-0.020818955850266857,-0.0403451419478002,-0.025515309387939618,0.0018274452126033798,-0.021212990493350823,-0.16534298543143885,-0.12219794061870176,-0.057805522895762115,-0.12136396676617386,-0.11667760392801915
2019-09-30,-0.162875743,0.237458368,0.379775099,0.325105148,6.0,-0.0190374174199597,0.016985183456375,0.060688975511315,0.0582196597113823,-0.20967868,-0.31438097,-0.4051655,-0.28295508,-0.2163840668477561,-0.2163840668477561,-0.2163840668477561,-0.1808802675369915,-0.209565767,-0.15199397681692894,-0.06908037134784528,-0.04527137308411027,-0.020127634956402296,-0.0716183390513217,330,0.5870367819374844,-0.00708626461298624,0.5870367819374844,-0.0020426697011350975,0.5870367819374844,-0.0015886068401442085,0.5870367819374844,-0.0015540794403020495,0.5870367819374844,0.006071751054237861,0.5870367819374844,0.001849249687420232,0.5870367819374844,-0.003942282596956721,0.5870367819374844,-0.0015488462764736716,0.5870367819374844,0.016110647556056037,0.5870367819374844,0.006053275421278003,0.5870367819374844,-0.005057274908861531,0.5870367819374844,-0.0009001746471925531,0.5870367819374844,0.005844735430405872,0.5870367819374844,0.003980340653884714,0.5870367819374844,-0.004997822844754172,0.5870367819374844,-0.0008170430559300825,-0.012271620594567597,0.002429871868227701,0.016206473421279954,0.0040102101836063326,0.0025937337196365977,-0.028752513348670856,0.04168108575067607,0.007841355566032283,-0.00026440462416772205,0.005126380835967444,-0.18349404505640327,-0.15073544645154183,-0.1009629871262987,-0.12574197050599345,-0.14023361228505932
2019-12-31,-0.068270811,-0.111219412,0.103229054,-0.261421571,7.0,0.100792633996516,-0.171124699535822,0.0528552468723522,0.0537010377509489,0.03212734,0.14684208,-0.07481392,0.20490566,0.228620325719274,0.228620325719274,0.228620325719274,0.3764737201580981,-0.133848276,0.07331737217894749,0.023279573545863,0.07747267664790655,0.09341471172726173,0.06687108352499468,333,0.6050060671375364,-0.0030611910425412275,0.6050060671375364,0.011145853373164247,0.6050060671375364,0.0002508599549113912,0.6050060671375364,0.0016922214333307346,0.6050060671375364,-0.002930903294894284,0.6050060671375364,-0.019201379303354162,0.6050060671375364,0.0018977388439293,0.6050060671375364,0.0016865230940020892,0.6050060671375364,0.0045131822867378905,0.6050060671375364,0.00543329330525042,0.6050060671375364,-0.0009624117826009267,0.6050060671375364,0.0009801910971964883,0.6050060671375364,-0.00484369565146999,0.6050060671375364,0.0037837956555416483,0.6050060671375364,0.0037300249218053566,0.6050060671375364,0.0017526001048400366,0.010027743718865145,-0.018548020660317056,0.009964254906583873,0.004422725030717051,0.001466675748962253,0.01632855695226662,-0.02476256007911384,0.022960081568110087,0.017041157590215014,0.00789180900786947,-0.1757573094771866,-0.05854144218385624,-0.0966969941665398,0.0030900010800014865,-0.08197643618689529
2020-03-31,-0.723663527,0.06842779,0.1509229,0.188293673,8.0,-0.065143808830957,-0.434755899473572,-0.181984140881371,0.017825851112289,0.10986048,0.109614,0.12099805,0.053379767,-0.5337062770985297,-0.5337062770985297,-0.5337062770985297,-0.7028811656624347,-0.944200318,-0.3031632832323717,-0.19760509664302545,-0.11094236699497517,-0.11084546863753643,-0.18063905387697718,336,0.6235253948912,-0.033441555703490874,0.6235253948912,-0.00742424156673253,0.6235253948912,0.0008840818585263031,0.6235253948912,-0.004071356003559574,0.6235253948912,0.0018584369195561818,0.6235253948912,-0.05027587389924748,0.6235253948912,0.0014599781689827013,0.6235253948912,-0.004057646232734643,0.6235253948912,0.006800337783716069,0.6235253948912,-0.019279821268909914,0.6235253948912,0.0016041733897343355,0.6235253948912,-0.0023582651948520785,0.6235253948912,0.0035955519673965463,0.6235253948912,0.0012944631356807239,0.6235253948912,0.0010014490724774114,0.6235253948912,-0.003372286703297518,-0.044053071415256675,-0.05101510504344324,-0.01323357529031159,0.002519177472257163,-0.026445643569188586,-0.0743582751394381,-0.040174359647379324,-0.011764674322989523,-0.03474047845514269,-0.04025944689123741,-0.25795386783182794,-0.17048066829652497,-0.13749082144295593,-0.13465364718977055,-0.17514475119026984
2020-06-30,0.598438758,-0.113978685,0.788238006,-0.395992453,9.0,0.0235015922709957,-0.136040566641315,0.0477391166065053,0.0390727534968861,-1.0566746,-0.7291169,-0.33197978,0.02444956,-1.1118736028406315,-1.1118736028406315,-1.653456232096937,-1.653456232096937,0.516985324,-0.38665196314240896,-0.5227524386204866,-0.2873647223726079,-0.49648159290001276,-0.42331267925887905,339,0.6426116020847181,0.028501250634645217,0.6426116020847181,0.0027603913043146387,0.6426116020847181,-0.008763683224792013,0.6426116020847181,-0.008741512931953684,0.6426116020847181,-0.0031903135538606893,0.6426116020847181,-0.016213508096115884,0.6426116020847181,-0.010008567364358822,0.6426116020847181,-0.008712077004745286,0.6426116020847181,0.036603880688224566,0.6426116020847181,0.00521240623058283,0.6426116020847181,-0.004536062038199499,0.6426116020847181,-0.007529696133159278,0.6426116020847181,-0.007793116491729918,0.6426116020847181,0.002924205204756985,0.6426116020847181,0.0004727348927596318,0.6426116020847181,-0.008175789543556291,0.013756445782214157,-0.038124466019080684,0.029750528747448622,-0.012571965937769592,-0.0017973643567968742,-0.06684353742930185,-0.11136021029809365,-0.028984621392494317,-0.12869515491511485,-0.08397088100875116,-0.011604650204969508,-0.49616999819630014,-0.9824789113177945,-1.1222392796535832,-0.6531232098431619
2020-09-30,0.101594533,0.241698555,0.266840243,-0.076738752,10.0,-0.206258770006783,-0.0744385780387054,0.0345836203231834,0.0371612434876504,0.45571166,0.20041087,-0.16304453,-0.7062123,0.2757489792603133,0.2757489792603133,0.2757489792603133,0.1621244122164975,-0.02328613,0.15669910056338257,0.16085495655540197,0.10353207814587417,-0.145916349073963,0.06879244654767393,342,0.6622820409839835,0.004986650822082787,0.6622820409839835,-0.024967795754748664,0.6622820409839835,0.003895201778530465,0.6622820409839835,0.0022342898591791345,0.6622820409839835,0.006972334221934822,0.6622820409839835,-0.009143259485290762,0.6622820409839835,0.002835244008949429,0.6622820409839835,0.0022267661737291194,0.6622820409839835,0.012770723545837335,0.6622820409839835,0.003891604955959216,0.6622820409839835,-0.0022959794796391982,0.6622820409839835,0.0012941752098088188,0.6622820409839835,-0.0015564436691865137,0.6622820409839835,0.002866279135990425,0.6622820409839835,-0.014072663548994462,0.6622820409839835,0.0008261898038193973,-0.013851653294956277,0.0028910849193226093,0.015660524231966174,-0.011936638278371152,-0.0018091706055096612,0.026815426763674145,0.07269049848242436,0.03943669376524237,-0.009549197445545663,0.0323483553914488,-0.38634396379397806,-0.4332768324525431,-0.2718921121005937,-0.11145125961606703,-0.3007410419907955
2020-12-31,0.131834085,0.148736202,-0.013142257,0.171054247,11.0,-0.0352630353319456,-0.145881949528668,0.0273897907796244,0.0357890103622852,-0.81283885,-0.8481102,-0.9045948,-0.7383275,-0.7299513929074253,-0.7299513929074253,-0.7299513929074253,-0.7535403525485923,-0.022870471,-0.3615547983098427,-0.39380183510902333,-0.4050746647819502,-0.3212561487965768,-0.37042186174934827,345,0.682554595010387,0.006669000439613977,0.682554595010387,-0.004399282872904607,0.682554595010387,-0.007160423150863275,0.682554595010387,-0.006095564887884886,0.682554595010387,0.004421964450045633,0.682554595010387,-0.018467110653289993,0.682554595010387,-0.01236561926906839,0.682554595010387,-0.006075038852434208,0.682554595010387,-0.0006482291369195776,0.682554595010387,0.0031764456163206043,0.682554595010387,-0.013128353800424954,0.682554595010387,-0.0035307544969030856,0.682554595010387,0.0035755837346758555,0.682554595010387,0.0028449350124667597,0.682554595010387,-0.015162977414945256,0.682554595010387,-0.003957604093971441,-0.010986270472038791,-0.03248580432474696,-0.014130891817927014,-0.012700062761774083,-0.01757575734412171,-0.06227673614910265,-0.030107595807821144,-0.10205900937142584,-0.05763662142328787,-0.06301999068790938,0.05975531978810855,0.34870092167868816,0.34416562583485233,-0.1677849731965996,0.14620922352626237
2021-03-31,0.187215081,-0.213064268,-0.089929928,-0.214133181,12.0,0.0734731405089024,-0.323429788326063,0.0288616510206421,0.0408715055896463,0.38218775,0.5253502,0.091596484,-0.13533165,0.7083826886173107,0.7083826886173107,0.7083826886173107,0.5578677099659688,0.063625621,0.3378146650315533,0.17430970807281193,0.1847277239094882,0.06231859613890378,0.1897926732881893,348,0.7034476949995692,0.009760414986785388,0.7034476949995692,0.009446810755911438,0.7034476949995692,0.0034698077628241473,0.7034476949995692,0.006096525191787862,0.7034476949995692,-0.0065283525241432,0.7034476949995692,-0.04219605266551872,0.7034476949995692,0.00789417777574256,0.7034476949995692,0.006075995922636563,0.7034476949995692,-0.0045714845280468985,0.7034476949995692,0.0034495964854474215,0.7034476949995692,0.0013700278787448215,0.7034476949995692,0.0035313107369540388,0.7034476949995692,-0.004613085206057507,0.7034476949995692,0.0033484029285021414,0.7034476949995692,-0.002864370792070846,0.7034476949995692,0.003019614300591488,0.028773558697308833,-0.0347542314912828,0.0037794505730993832,-0.0011094387690347238,-0.0008276652474773275,0.06930998801180123,-0.027833320151027817,0.03967594407208524,0.023073924828815973,0.026056634190418655,-0.22985589388803407,-0.49302624807291406,-0.375256551996366,-0.0522147785104283,-0.2875883681169356
2021-06-30,0.053267777,-0.038290182,0.124147656,0.067942616,13.0,-0.22075415354331,-0.0323115651279189,0.0443343999111046,0.0439597967666612,-0.73180467,-0.4661023,-0.92196053,-0.26090136,-0.3188509478316498,-0.3188509478316498,-0.3070809976903157,-0.3070809976903157,0.014377651,-0.30453549859373996,-0.2138887487398922,-0.26513986794480277,-0.11401998623091364,-0.22439602537733716,351,0.7249803359578534,0.002862110797725826,0.7249803359578534,-0.029252292792821794,0.7249803359578534,-0.0068472824730772775,0.7249803359578534,-0.0028281117218117327,0.7249803359578534,-0.0012091350827936175,0.7249803359578534,-0.004344544205878695,0.7249803359578534,-0.0072182789723299655,0.7249803359578534,-0.0028185884171585806,0.7249803359578534,0.006504081115666468,0.7249803359578534,0.005461128256537168,0.7249803359578534,-0.01421207028347662,0.7249803359578534,-0.0015776670477000239,0.7249803359578534,0.0015084960887495962,0.7249803359578534,0.003711651303743114,0.7249803359578534,-0.005691157686049037,0.7249803359578534,-0.0017130404100898571,-0.036065576189984974,-0.01559054667816086,-0.0038245279589730063,-0.0021840507036461837,-0.014416175382691255,-0.043580855281520905,-0.0383193868908306,-0.06021200645744172,-0.021999644115849003,-0.041027973186410556,0.052250194667830374,0.08238855785889658,0.044813543137618594,-0.11818692881983746,0.015316341711127026
2021-09-30,-0.060082685,0.087931019,0.092667992,0.193191613,14.0,-0.183845957616146,0.0235898990821973,0.0358886424276481,0.0323240318032135,-0.37103373,-0.022039335,-0.2118561,-0.030138988,-0.6056264102865394,-0.6056264102865394,-0.6056264102865394,-0.6381877611794804,-0.283093757,-0.30514719572567134,-0.12903620680108552,-0.17223146896472283,-0.11070277609406673,-0.1792794118963866,354,0.7471720943315961,-0.0033270981875987236,0.7471720943315961,-0.025107272104239974,0.7471720943315961,-0.0035779220634305645,0.7471720943315961,-0.00553615283980593,0.7471720943315961,0.0028616987509742383,0.7471720943315961,0.0032689383079514147,0.7471720943315961,-0.00035175908196483704,0.7471720943315961,-0.005517510552907125,0.7471720943315961,0.005003473379086773,0.7471720943315961,0.0045560972802445405,0.7471720943315961,-0.0033657387829085046,0.7471720943315961,-0.003206724379808901,0.7471720943315961,0.004420634499346961,0.7471720943315961,0.0028127519517980233,0.7471720943315961,-0.0006775593733712341,0.7471720943315961,-0.003669083137364903,-0.03754844519507519,0.0002613674240536908,0.0029871074966139077,0.0028867439404088465,-0.007853306583499687,-0.05943991645596634,-0.00863423862993912,-0.03898330571736583,-0.03191125667844391,-0.0347421793704288,-0.1784628056207893,-0.22973825525749395,-0.0990814932207992,-0.18016400271017896,-0.17186163920231534
2021-12-31,0.060947164,0.00792093,0.064305318,0.033754694,15.0,0.204111922441272,0.128356006650029,0.0309553629104977,0.0320034980942749,0.050087534,0.1385335,0.084323585,0.52516097,-0.0366818860538095,-0.0366818860538095,-0.0366818860538095,-0.0193912438289145,-0.018936518,0.06961618359686561,0.05953213764905488,0.03572559496417205,0.14288197956634008,0.07693897394410815,357,0.7700431458051551,0.003478277307175525,0.7700431458051551,0.028728187961937334,0.7700431458051551,0.0004977847073984863,0.7700431458051551,-0.0003455805881255473,0.7700431458051551,0.00026567604616261806,0.7700431458051551,0.018331215158368958,0.7700431458051551,0.0022787467159209786,0.7700431458051551,-0.0003444168896770197,0.7700431458051551,0.0035783527236019036,0.7700431458051551,0.004050104921085495,0.7700431458051551,0.0013806478224718266,0.7700431458051551,-0.00020017180327155462,0.7700431458051551,0.0007960217451382685,0.7700431458051551,0.002870104941117368,0.7700431458051551,0.012167617537002802,0.7700431458051551,-0.00011489712578941509,0.0323586693883858,0.020531221030775537,0.008808933663887672,0.015718847097469024,0.01935441779512951,0.00941135394634498,0.012325394793242732,0.011177814955435706,0.01380300641603347,0.011679392527764221,-0.19579317967765927,-0.1312610992425128,-0.18278192300345403,-0.18403280923835308,-0.1734672527904948
2022-03-31,0.0994529,0.019413503,0.003579627,0.005862129,16.0,0.0549976987690137,-0.393456183101451,0.0258279238318272,0.0323764195848708,-0.31733787,-0.26889336,-0.28061965,-0.13319829,0.000789011528154,0.000789011528154,0.000789011528154,-0.001971861614426,-0.062695798,-0.040524564925708086,-0.16053675714332424,-0.06260577191000469,-0.0242329007573888,-0.07197499868410645,360,0.7936142836436554,0.005849551504818556,0.7936142836436554,0.007977720094961028,0.7936142836436554,-0.0032503357059081284,0.7936142836436554,7.660823327214605e-06,0.7936142836436554,0.0006710803888020603,0.7936142836436554,-0.05791163795726337,0.7936142836436554,-0.0045584347568948256,0.7936142836436554,7.635026484085543e-06,0.7936142836436554,0.0002052903090660367,0.7936142836436554,0.0034826857374977466,0.7936142836436554,-0.004735287422032933,0.7936142836436554,4.4374043932011434e-06,0.7936142836436554,0.00014247561611770382,0.7936142836436554,0.002992426977999427,0.7936142836436554,-0.003180578903084275,0.7936142836436554,-1.2041326889010364e-05,0.010584596717198668,-0.06179135729887205,-0.001042873971075949,-5.77176358561549e-05,-0.013076838047151372,0.00012595711846438273,-0.029511986004256155,-0.016249463165090017,-0.0023341653547593955,-0.011992414351410295,-0.05474941163036272,-0.09684479376266225,-0.1310783599427423,-0.090897689673894,-0.09339256375241532
2022-06-30,-0.027780227,-0.206380254,0.047188939,0.044402768,17.0,-0.492635692025917,-0.0936717377012001,0.0224919543186197,0.0227100714180751,-0.36198494,-0.2950674,-0.8005678,-0.45653313,-1.0200749993339833,-1.0200749993339833,-1.0018461000766148,-1.0018461000766148,-0.363325703,-0.47561896458997505,-0.40379859775879584,-0.4331832516894988,-0.3478165976646349,-0.4151043529257261,363,0.8179069375972308,-0.0016839737762562367,0.8179069375972308,-0.07364691623459264,0.8179069375972308,-0.003821124913356884,0.8179069375972308,-0.010207481889826944,0.8179069375972308,-0.007352468950078338,0.8179069375972308,-0.014209292917116777,0.8179069375972308,-0.0051552687612284155,0.8179069375972308,-0.010173109499574949,0.8179069375972308,0.0027891078135061477,0.8179069375972308,0.003125693570290676,0.8179069375972308,-0.013922614577818052,0.8179069375972308,-0.00580685642847352,0.8179069375972308,0.0011122172665495803,0.8179069375972308,0.002163254709822538,0.8179069375972308,-0.011235030090627127,0.8179069375972308,-0.006305119785614351,-0.0893594968140327,-0.036890140127998475,-0.013814669622494748,-0.014264677899869361,-0.03858224611609882,-0.09700175290138738,-0.11696453054133851,-0.1055342114032433,-0.07424500771867351,-0.09843637564116067,-0.21972698781232297,-0.18034393270153898,-0.03895610434636651,-0.07436415918673064,-0.1283477960117398
2022-09-30,0.144921561,0.054296167,0.352070575,0.093681954,18.0,-0.308133209231885,0.145093639679935,0.0238182310636504,0.0167719789461992,-0.21869533,-0.004732866,-0.16965522,0.07941926,-0.4831256785289344,-0.4831256785289344,-0.4831256785289344,-0.4587700549555528,-0.108428299,-0.21625816419020483,-0.07211718446224985,-0.069223023116321,-0.0672242155023384,-0.10620564681777853,366,0.8429431933839268,0.00905371779792798,0.8429431933839268,-0.047474633013197674,0.8429431933839268,-0.002379220307255702,0.8429431933839268,-0.004982428232228785,0.8429431933839268,0.0019935569407931097,0.8429431933839268,0.022683323239237847,0.8429431933839268,-8.522140822613154e-05,0.8429431933839268,-0.004965650542153096,0.8429431933839268,0.021446144870401477,0.8429431933839268,0.003411325234829921,0.8429431933839268,-0.003040775275585653,0.8429431933839268,-0.0028859886179544666,0.8429431933839268,0.0024184100868870984,0.8429431933839268,0.0016465233072638175,0.8429431933839268,0.002014290911013714,0.8429431933839268,-0.0029756497340005152,-0.045782563754754174,0.019626008229651732,0.018930706211691278,0.003103574571164114,-0.0010305686855617627,-0.04141308546157951,-0.0013392501615466235,0.00167944804538157,-0.023044666966908347,-0.01602938863616323,-0.12827866438607446,-0.18784934385133914,-0.050596107141161084,-0.14577285469787366,-0.12812424251911209
2022-12-31,-0.174594428,-0.014276989,0.098763062,0.021375902,19.0,-0.0032160481681012,-0.0783091341543035,0.0067113627967524,0.0088868915332825,-0.59895676,-0.41890588,-0.40559453,-0.37184197,-0.3183937373552463,-0.3183937373552463,-0.3183937373552463,-0.3197093558081398,-0.263090692,-0.27379024338083685,-0.20747143512738747,-0.1546284606396235,-0.16532213306871435,-0.20030306805414053,369,0.8687458127689782,-0.01124135714752153,0.8687458127689782,-0.0005106696762081467,0.8687458127689782,-0.0067156033304425055,0.8687458127689782,-0.003384074095916887,0.8687458127689782,-0.0005402446985641573,0.8687458127689782,-0.01261726267882174,0.8687458127689782,-0.007773835928564272,0.8687458127689782,-0.0033726786590479317,0.8687458127689782,0.0062002395366698585,0.8687458127689782,0.0009906466041816097,0.8687458127689782,-0.007492100668824384,0.8687458127689782,-0.001960168590077592,0.8687458127689782,0.0005687126270131305,0.8687458127689782,0.000899141141506785,0.8687458127689782,-0.009719617636612334,0.8687458127689782,-0.0021371573945526967,-0.021851704250089067,-0.0243040219649981,-0.0022613831180505074,-0.010388921262645115,-0.014701507648945697,-0.04455668929851682,-0.03472031414553746,-0.03293897455597513,-0.02870915257442004,-0.03523128264361236,-0.16888888527069548,0.007436330421463619,-0.13128453591115968,-0.10588941988747845,-0.0996566276619675
2023-03-31,0.507844283,0.595770874,0.006464392,0.123707213,20.0,0.296364525945235,-0.0211818835274818,0.0182660393133332,0.0123427078668104,-0.4611997,-0.57716197,-0.5705613,-0.6228007,0.9895814984696024,0.9895814984696024,0.9895814984696024,0.889945194743,0.143481583,0.3331476518537093,0.24675212973553012,0.11093765744573389,0.10079860390245261,0.19790901073435652,372,0.8953382542587164,0.03369871575621644,0.8953382542587164,0.04849960036036588,0.8953382542587164,-0.005329334712948296,0.8953382542587164,0.010839801513595624,0.8953382542587164,0.023234191939435593,0.8953382542587164,-0.0035173186473378363,0.8953382542587164,-0.011038524788480794,0.8953382542587164,0.01080329986785175,0.8953382542587164,0.00041825007002342234,0.8953382542587164,0.002778733156808918,0.8953382542587164,-0.010861961075274545,0.8953382542587164,0.006278774591626889,0.8953382542587164,0.003392015750356781,0.8953382542587164,0.0012870127715138232,0.8953382542587164,-0.016777771732942943,0.8953382542587164,0.00613110622925108,0.08770878291722964,0.019481648371468714,-0.0013862032568153163,-0.005967636981821259,0.02495914776251544,0.09436684354595615,0.18420014375699056,0.02759691913978965,0.05058701400713174,0.08918773011246703,0.2988068039820438,0.27419837981334116,-0.14574264805919507,-0.1661063342041237,0.06528905038301652
2023-06-30,-0.036155528,-0.015671328,-0.31425984,0.022014193,21.0,-0.314968189290282,-0.0882459488162937,0.0030723655076931,0.0046793150806785,-0.3806238,-0.36663163,-0.8441787,-0.4225174,-1.1623743036562832,-1.1623743036562832,-1.1940019725745852,-1.1940019725745852,-0.347600546,-0.4735304552366413,-0.40823080261814426,-0.587342036766723,-0.3974564661234767,-0.4666399401862463,375,0.9227446944279201,-0.002472588852867413,0.9227446944279201,-0.05312183290757463,0.9227446944279201,-0.0045328812119653115,0.9227446944279201,-0.01312230656920807,0.9227446944279201,-0.0006298665162043306,0.9227446944279201,-0.015102064891030208,0.9227446944279201,-0.007226660890140517,0.9227446944279201,-0.013078118879504436,0.9227446944279201,-0.020955191763710912,0.9227446944279201,0.0004816923534577091,0.9227446944279201,-0.016562837360992164,0.9227446944279201,-0.007807694028094467,0.9227446944279201,0.0006220997448818593,0.9227446944279201,0.00050286234012692,0.9227446944279201,-0.01173070745236867,0.9227446944279201,-0.008477641337087852,-0.07324960954161541,-0.03603671117687949,-0.04484403079933983,-0.019083386704447744,-0.04330343455557062,-0.10095417846324982,-0.07858159682457597,-0.16336481359376437,-0.08767689601835994,-0.10764437122498752,-0.22588971358449358,-0.22728217532351874,-0.2628560879965633,-0.12939962199486074,-0.2113568997248591
2023-09-30,-0.093228529,-0.226916438,0.067627406,0.114001992,22.0,-0.207782475320964,0.0722937893607542,0.0003585344506045,-0.0046837256315598,-0.15141876,-0.040493313,-0.004358954,0.22719797,-0.4053616372052626,-0.4214018307689626,-0.4336935104918644,-0.4262599478059271,-0.221819192,-0.21444785038155667,-0.1541294481020521,-0.09251663101031497,-0.02243592785937172,-0.12088246433832386,378,0.9509900498999999,-0.0065708332607124584,0.9509900498999999,-0.03611683537753349,0.9509900498999999,-0.0018584569223275723,0.9509900498999999,-0.0047162980269079315,0.9509900498999999,-0.009399464136952512,0.9509900498999999,0.012750786108909392,0.9509900498999999,-0.0008225938779673103,0.9509900498999999,-0.0048864123664065975,0.9509900498999999,0.004647505367679289,0.9509900498999999,5.793248793119729e-05,0.9509900498999999,-8.81408124705665e-05,0.9509900498999999,-0.002922772962973242,0.9509900498999999,0.003320198964578071,0.9509900498999999,-0.000518743521055889,0.9509900498999999,0.006500974588430768,0.9509900498999999,-0.0031191692324885616,-0.04926242358748145,-0.0023576842724170274,0.0016945240801666778,0.00618326079946439,-0.010935580745066852,-0.043511580907411515,-0.0733702970362651,-0.019236164826832325,-0.01672573293353369,-0.038210943926010654,-0.2529469972599298,-0.12994284349487495,-0.18520011931393005,-0.16326092791049007,-0.18283772199480622
2023-12-31,-0.099286152,-0.187484185,-0.22139559,-0.151932573,23.0,-0.0557575552951239,-0.165744331857121,-0.0127689344260187,-0.0114125408688021,-0.4810608,-0.48097944,-0.34653768,-0.07625507,-0.3018476004806101,-0.335757689474383,-0.2973923035190682,-0.1954786256871475,-0.24393267,-0.2344880269439335,-0.292491411582876,-0.21952362698627173,-0.1087697023889874,-0.21381819197551716,381,0.9801,-0.00721198326760385,0.9801,-0.009988468719015339,0.9801,-0.00608509270459303,0.9801,-0.0036194346473301603,0.9801,-0.00800379935661089,0.9801,-0.030127914676834986,0.9801,-0.010069852081456042,0.9801,-0.004012491082602814,0.9801,-0.015680523320839683,0.9801,-0.0021263774625005557,0.9801,-0.007221703326583359,0.9801,-0.002065552788819429,0.9801,-0.004560337434580476,0.9801,-0.0013026807663162787,0.9801,-0.002248729214346977,0.9801,-0.0014742057614092424,-0.026904979338542377,-0.05221405719750473,-0.02709415689874303,-0.009585953176652975,-0.028949786652860778,-0.038707559809113404,-0.08591820694265362,-0.0663045948502155,-0.023028851600329837,-0.053489803300578086,-0.1923904431886912,-0.028089132252579516,-0.24385217003481838,-0.028329846943416337,-0.12316539810487637
